Date and Time,SHA256_Hash,Filename
"2025-10-22 13:48:00.017244",fbf9582c44c117f118ed26dcec14962f280fd3d912db053575cdbd756871cc93,"Screenshot 2024-11-05 112444.png"
"2025-10-22 13:48:00.019247",efebba1e49fe25c7dbe61afc6c59bb91882802c000dbd8f28618ef592d0eb063,"Screenshot 2024-11-05 174928.png"
"2025-10-22 13:48:00.021243",9a8b133a1364add71a5360fe5f962a2e92964e0dfc7c3c5cae4f93d0b1c29191,"Screenshot 2024-11-05 193506.png"
"2025-10-22 13:48:00.023250",57cd400616a110c9d33a5efe06613626cf6b73e932147f137fe78a7df53a1ce4,"Screenshot 2024-11-12 150307.png"
"2025-10-22 13:48:00.024245",66c2d84dfe45061ad5f0434db3e329ae606344746e1f053627a1757fbadc96d0,"Screenshot 2024-11-15 151846.png"
"2025-10-22 13:48:00.025247",bea4d425e43e5baf9e06db9edfae18be184e03a3014173a884c8e8b760847451,"Screenshot 2024-11-16 014527.png"
"2025-10-22 13:48:00.026247",29cc9e08eb5f91468fc9517139130c7ed07c52f4765aacf1ffac53fc44046c99,"Screenshot 2024-11-16 021956.png"
"2025-10-22 13:48:00.027253",7020840aec8f9bad41d8c556c2b0729b71305c2cb9d50c4fa007cb944d6a773e,"Screenshot 2024-11-16 022003.png"
"2025-10-22 13:48:00.030247",1f5193dd75251aba1ae10ad7b77da8faefaa54f1bb1fd7937dbe54d64d978ed2,"Screenshot 2024-11-20 121239.png"
"2025-10-22 13:48:00.030247",1292e369ce5df0bef56ff825ed63725e2769686707650738988dbf586b377be1,"Screenshot 2024-11-20 160027.png"
"2025-10-22 13:48:00.038245",41cb312c1633f9b969489503623e231a547ad5c17ca5cb3fd56a52db0e3ea6f3,"Screenshot 2024-11-25 173203.png"
"2025-10-22 13:48:00.040247",8c16cd37c3f3dbbb2a160810913a1a0cc68cd2795174e092c5f59f1755d3025c,"Screenshot 2024-11-25 174120.png"
"2025-10-22 13:48:00.041246",0f57686c1a297ac621dc16cf146518f19699588a9ea8b82327a4e1f3ac74f744,"Screenshot 2024-11-25 223000.png"
"2025-10-22 13:48:00.042246",caa39203050ed0fbfeb7309eea7a8733ca31a65197b19b562864179855c32689,"Screenshot 2024-11-26 112610.png"
"2025-10-22 13:48:00.044246",70e5c56af68eeb058f58009c775f14c6a2434add566063279e49054c64e3b0c4,"Screenshot 2024-11-26 141933.png"
"2025-10-22 13:48:00.045246",81c7ba0ffedcb6b35dce42923658449965c73d712ccf84eaae0e019e2189563e,"Screenshot 2024-11-26 232451.png"
"2025-10-22 13:48:00.046246",ac554a923dc9930786452c026e4e26e4cc17dec078ca6b39406387e686c10019,"Screenshot 2024-11-28 110552.png"
"2025-10-22 13:48:00.046246",39e4bfe730ae9e1dfcff19831fa7fdf50de33494086e2bd4860b55bbf5fa2f5f,"Screenshot 2024-11-28 110624.png"
"2025-10-22 13:48:00.047248",a7fcedbf485bf7345d36aa75dfa1c718610fee041b323ee1be534facb93532a6,"Screenshot 2024-11-28 110633.png"
"2025-10-22 13:48:00.048246",eb853406ed0692f023a72b5a3fa9aad507e1471fa76347668ef912df43e888d1,"Screenshot 2024-11-28 110645.png"
"2025-10-22 13:48:00.049246",44ed2cebddb3af19eb4f9b84ad9c23c182f3c2e6745475ef7263c12c9afe3322,"Screenshot 2024-11-30 135828.png"
"2025-10-22 13:48:00.050247",3ef52092577fb93b6e6c56ececf70c7446243cae0632029548f7862a16415d32,"Screenshot 2024-11-30 150407.png"
"2025-10-22 13:48:00.051247",fb42296c9fa6937024c3d143fb89b48a07423b4ab1509c7719892fcc8502b7b8,"Screenshot 2024-12-02 201700.png"
"2025-10-22 13:48:00.052274",2e265a704b223d0073d0e788f43cf341cc8a414de93ff73b35ab5de62d488a52,"Screenshot 2024-12-03 131548.png"
"2025-10-22 13:48:00.053246",7b941558cf7397996963a973dcfe90e5ea31624cd84148b1157e86c94d34bcac,"Screenshot 2024-12-03 131553.png"
"2025-10-22 13:48:00.053246",27af72a039e0f65036151f6d0836156dee43fe17bb13e4594352b7efe2a4edf0,"Screenshot 2024-12-05 124000.png"
"2025-10-22 13:48:00.054244",b41033716ddb795eb4281a060f6ad436923316700513ff565d4f3c11089cb439,"Screenshot 2024-12-05 124059.png"
"2025-10-22 13:48:00.055247",9b684cd12550d710d94692f120824f28ee0231d6600a77590256a9c03fbe5272,"Screenshot 2024-12-05 124139.png"
"2025-10-22 13:48:00.056245",97b56e3d8c9bcf5466ac62dd9527eb3ea8a2e3c46cde6497c9677c131543c7d8,"Screenshot 2024-12-05 124205.png"
"2025-10-22 13:48:00.057246",5812105499234062b3a5566ba8748b867c2640f8b87a41b6dabbd9e5555950c2,"Screenshot 2024-12-05 124234.png"
"2025-10-22 13:48:00.058247",cc3ab469d50e32f6673f2ec94c93405c90b3676c55d6b09cb8533fcff5ee678c,"Screenshot 2024-12-05 124408.png"
"2025-10-22 13:48:00.059247",735c8ae063c56eb319d490e5227c3f7b9f9b0eeff88843e902efad0a41cb2c07,"Screenshot 2024-12-05 124459.png"
"2025-10-22 13:48:00.060247",95a68b52cbd35399a60655b6b04000376b019727533263216351cf4173b62254,"Screenshot 2024-12-05 124524.png"
"2025-10-22 13:48:00.060247",15790e2181e11c5f0194f2c643f81b03b1efaa39097581ddc580a72eff0e4419,"Screenshot 2024-12-05 211357.png"
"2025-10-22 13:48:00.062273",bb0eb13c630e89e7a1a46cf958b62e5eaaabcfdd851eb9b37db86dd924fcf4ed,"Screenshot 2024-12-08 225913.png"
"2025-10-22 13:48:00.063243",33452de76730654a723a0ecc3564d1310bf3d5e86713ad98b50bdcb8f2b00c8e,"Screenshot 2024-12-08 230208.png"
"2025-10-22 13:48:00.064263",b5dea289a6f228a3136cb4291953e36ac72ae727c291d0d9ec0dd511444194cc,"Screenshot 2024-12-08 233815.png"
"2025-10-22 13:48:00.065275",7b02b586a8a22c29417ee9ee62cb3e61166af38776aaf83993004c6ff6b6fb28,"Screenshot 2024-12-08 233855.png"
"2025-10-22 13:48:00.066247",226d5134dc4a7ab8fc5fbaa275e85f87e8c91ccad748760c68ce0d9a0c19d9ff,"Screenshot 2024-12-08 233956.png"
"2025-10-22 13:48:00.066247",5f8402b90938543a8d25fa54200d6dfff447ed807f73725bfc3a705fb6c83664,"Screenshot 2024-12-08 234045.png"
"2025-10-22 13:48:00.067246",5090bddb1fbd44b67a38ac021bc72390e450d4437141fdee1611ff1126db1c52,"Screenshot 2024-12-08 234338.png"
"2025-10-22 13:48:00.068273",f504086391fa134b8420039e1a65da5541a18265045cd4e8fdc6de8497592c4e,"Screenshot 2024-12-08 234751.png"
"2025-10-22 13:48:00.068273",ef9751580512b3f1d4bb2e6d5985e74dbfcdfc814abe9b78a81d0284132af0e4,"Screenshot 2024-12-08 235346.png"
"2025-10-22 13:48:00.069245",c90fcaa216a3c437ad33d31a0ddfde4431d0c47e994c509dcd6c772056e1d932,"Screenshot 2024-12-09 000432.png"
"2025-10-22 13:48:00.069245",29911b771cc662b91ce908446009035f75abc4bfd6f99998fde38e4a631b24fb,"Screenshot 2024-12-09 002227.png"
"2025-10-22 13:48:00.070244",a4bd70d8c9e862f0f8d5753290ec29d4c24a7f6eb70d1e48ee65bbc6aa031bfc,"Screenshot 2024-12-09 002610.png"
"2025-10-22 13:48:00.071244",54cae53402c83521ffb976ecd83b092718cad7a0b52562b6c7258719961c4b94,"Screenshot 2024-12-09 002709.png"
"2025-10-22 13:48:00.072251",32eb6d847757b82051be387b84cf1d220985aa525120580a2c9d44d43f0282fd,"Screenshot 2024-12-09 002750.png"
"2025-10-22 13:48:00.073249",f6e3d53b8791f32374cd28d2d45b6f0d1067edb2be2c03c1c3ae8e1f1a6f6d38,"Screenshot 2024-12-09 002823.png"
"2025-10-22 13:48:00.074248",7ec2d511e6989a3e1799eab37aa9978088041396ff60037f24043afbc96e0547,"Screenshot 2024-12-09 002836.png"
